"time.sec.","HEOG"
0.258,-0.049703
0.284,-0.08034
0.44,-0.075234
0.488,0.054973
